dataset_index,attack_mode,region_space,success,queries_used,proposal_queries,search_queries,final_pred,final_score,final_objective,radius,selected_region_rank,region_candidate_count,budget_region_count,budget_triggered,budget_region_ranks,clean_score,probe_best_score,probe_second_score,probe_score_gap,probe_improvement,probe_best_rank,probe_second_rank,probe_best_prior,probe_second_prior,probe_success_count,detector_feedback_used,detector_feedback_candidate_count,detector_feedback_total_reward,detector_feedback_best_reward,probe_improvement_ratio,query_budget_population,query_budget_rounds,adaptive_query_budget_used,query_cap_reached,selected_region_physics_quality,selected_region_allocation_priority,selected_region_progress_ratio,selected_region_boundary_ratio,selected_region_boundary_uncertainty,selected_region_guard_probe_attempts,selected_region_stagnant_rounds,selected_region_challenger_branch,selected_region_early_stopped,active_set_size,active_set_stage_index,active_set_keep_ratio,layered_success_stage,layered_total_stages,measurement_gate_enabled,measurement_gate_keep_dim,measurement_gate_keep_ratio,state_gate_enabled,state_gate_keep_dim,state_gate_keep_ratio,clean_x_l2,delta_c_l2,delta_z_l2,delta_over_clean_l2_ratio,budget_boundary_push_used,budget_boundary_push_queries,budget_boundary_push_target_ratio,budget_boundary_push_steps,budget_boundary_push_scale,state_base_l2,state_total_l2,state_total_over_base_ratio,state_projection_ratio,state_cosine,measurement_base_l2,measurement_total_l2,measurement_total_over_base_ratio,measurement_projection_ratio,measurement_cosine,state_support_size,state_support_retention_ratio,state_support_projection_ratio,state_support_cosine,state_support_flip_rate,state_offsupport_energy_ratio,region_size,region_state_ids,region_bus_ids,region_importance_mean,region_importance_max,region_flow_support_mean,region_corridor_centrality_mean,region_degree_mean,region_measurement_support_count,region_measurement_support_ratio,region_boundary_penalty,region_connectivity_score,graph_source,region_physical_saliency_mean,region_alignment_mean,region_proximity_mean,region_activity_mean,region_sparse_efficiency_mean
3,single_active_region_search,state,1,23,2,21,0,-0.5760447978973389,-0.5760447978973389,420.00615234375005,0,1,1,0,[0],63.235469818115234,7.574076175689697,7.574076175689697,0.0,55.66139364242554,0,0,0.1552044153213501,0.1552044153213501,0,0,0,0.0,0.0,0.8802242444394723,6,6,1,0,0.5984331160783768,0.5908820965512033,1.0760547932890157,0.07605479328901575,0.7667422934598584,0,0,0,0,117,0,1.0,0,1,0,490,1.0,0,117,1.0,2100.03076171875,0.041466742753982544,233.07687377929688,0.11098736172251941,0,0,0.0,0,1.0,0.03323471173644066,0.024145392701029778,0.7265112720853008,-0.014460398182753336,-0.0199038901497395,213.4094696044922,110.41314697265625,0.5173769803996181,0.03743488544718987,0.07235515525435435,21,0.21607839698719122,-0.01446039488911233,-0.06692197932960271,0.4761904776096344,0.6936343676132471,117,"[18, 61, 111, 16, 14, 17, 60, 59, 63, 62, 58, 64, 67, 114, 29, 65, 37, 36, 33, 35, 34, 48, 66, 7, 4, 3, 8, 9, 10, 11, 6, 5, 55, 53, 54, 79, 78, 75, 76, 77, 80, 81, 94, 93, 92, 95, 98, 101, 102, 103, 104, 106, 107, 108, 110, 109, 105, 97, 46, 45, 47, 44, 43, 42, 49, 56, 91, 90, 87, 83, 82, 86, 88, 89, 100, 99, 96, 84, 85, 12, 13, 32, 15, 1, 0, 2, 57, 50, 51, 52, 25, 24, 22, 23, 31, 26, 112, 113, 30, 28, 27, 70, 69, 68, 71, 73, 72, 116, 74, 21, 20, 19, 41, 39, 40, 38, 115]","[19, 62, 113, 17, 15, 18, 61, 60, 64, 63, 59, 65, 68, 116, 30, 66, 38, 37, 34, 36, 35, 49, 67, 8, 5, 4, 9, 10, 11, 12, 7, 6, 56, 54, 55, 81, 80, 77, 78, 79, 82, 83, 96, 95, 94, 97, 100, 103, 104, 105, 106, 108, 109, 110, 112, 111, 107, 99, 47, 46, 48, 45, 44, 43, 50, 57, 93, 92, 89, 85, 84, 88, 90, 91, 102, 101, 98, 86, 87, 13, 14, 33, 16, 2, 1, 3, 58, 51, 52, 53, 26, 25, 23, 24, 32, 27, 114, 115, 31, 29, 28, 72, 71, 70, 73, 75, 74, 118, 76, 22, 21, 20, 42, 40, 41, 39, 117]",9245.865234375,59572.171875,0.5,0.1650800108909607,3.1282050609588623,490,1.0,0.0,1.0,explicit_bus_branch,0.2440039962530136,0.05015937238931656,0.07233314961194992,0.06651018559932709,0.11935625225305557
4,single_active_region_search,state,0,243,2,241,1,12.143808364868164,12.143808364868164,459.67998046875005,0,1,1,0,[0],179.54220581054688,151.67166137695312,151.67166137695312,0.0,27.87054443359375,0,0,0.1552044153213501,0.1552044153213501,0,0,0,0.0,0.0,0.15523115753074115,6,6,1,0,0.6780365765094758,0.30457963670830435,0.9199335706181336,0.08006642938186635,0.7574232873915375,0,9,0,0,117,0,1.0,-1,1,0,490,1.0,0,117,1.0,2298.39990234375,0.126350998878479,459.67999267578125,0.2000000053110998,0,0,0.0,0,1.0,0.060673490166664124,0.12650567293167114,2.0850238313993885,0.5053122374840823,0.24235324051414883,947.2854614257812,701.549072265625,0.7405888729778533,0.6564971361847162,0.886452818504604,14,0.7944795939907108,0.5053122055244382,0.6360291212113472,0.3571428656578064,1.9277255524955672,117,"[67, 36, 24, 114, 33, 25, 29, 37, 64, 16, 35, 34, 7, 4, 3, 8, 9, 22, 23, 63, 62, 60, 59, 58, 61, 65, 48, 66, 111, 31, 26, 113, 112, 30, 28, 27, 14, 18, 17, 10, 11, 6, 5, 55, 53, 54, 79, 78, 75, 76, 77, 12, 13, 15, 32, 1, 0, 2, 47, 46, 45, 44, 43, 42, 49, 56, 70, 69, 68, 71, 73, 72, 116, 74, 21, 20, 19, 50, 57, 51, 52, 80, 81, 94, 93, 92, 98, 95, 101, 102, 103, 104, 106, 107, 108, 110, 109, 105, 97, 91, 90, 87, 83, 82, 86, 88, 89, 100, 99, 96, 84, 85, 41, 39, 40, 38, 115]","[68, 37, 25, 116, 34, 26, 30, 38, 65, 17, 36, 35, 8, 5, 4, 9, 10, 23, 24, 64, 63, 61, 60, 59, 62, 66, 49, 67, 113, 32, 27, 115, 114, 31, 29, 28, 15, 19, 18, 11, 12, 7, 6, 56, 54, 55, 81, 80, 77, 78, 79, 13, 14, 16, 33, 2, 1, 3, 48, 47, 46, 45, 44, 43, 50, 57, 72, 71, 70, 73, 75, 74, 118, 76, 22, 21, 20, 51, 58, 52, 53, 82, 83, 96, 95, 94, 100, 97, 103, 104, 105, 106, 108, 109, 110, 112, 111, 107, 99, 93, 92, 89, 85, 84, 88, 90, 91, 102, 101, 98, 86, 87, 42, 40, 41, 39, 117]",9245.8642578125,59572.171875,0.5,0.1650800108909607,3.1282050609588623,490,1.0,0.0,1.0,explicit_bus_branch,0.21848708391189575,0.031427763402462006,0.05751539394259453,0.051200296729803085,0.11935623735189438
5,single_active_region_search,state,0,243,2,241,1,101.00739288330078,101.00739288330078,457.51860351562505,0,1,1,0,[0],363.2787170410156,313.2040710449219,313.2040710449219,0.0,50.07464599609375,0,0,0.1552044153213501,0.1552044153213501,0,0,0,0.0,0.0,0.13784084684058198,6,6,1,0,0.6812119156122208,0.29815520409519614,0.6775029374735886,0.3224970625264114,0.436683463312035,0,4,0,0,117,0,1.0,-1,1,0,490,1.0,0,117,1.0,2287.593017578125,0.10710964351892471,457.51861572265625,0.2000000053361901,0,0,0.0,0,1.0,0.0737408921122551,0.06592883169651031,0.8940606739086835,-0.15522545274150595,-0.1736184920982496,1032.69775390625,740.753173828125,0.7172991042404957,0.6591201395920657,0.9188916027832655,16,0.41348141560516893,-0.15522545274150595,-0.37541091043732744,0.375,0.7927025514744573,117,"[55, 6, 36, 5, 33, 53, 54, 11, 10, 4, 3, 35, 34, 7, 8, 9, 29, 37, 16, 111, 14, 18, 17, 12, 13, 15, 32, 2, 0, 1, 64, 67, 114, 63, 62, 58, 60, 59, 61, 65, 48, 66, 79, 78, 75, 76, 77, 47, 46, 45, 44, 43, 42, 49, 56, 25, 24, 22, 23, 31, 26, 112, 113, 30, 28, 27, 70, 69, 68, 71, 73, 72, 116, 74, 21, 20, 19, 50, 57, 51, 52, 80, 81, 94, 93, 92, 95, 98, 101, 103, 102, 104, 106, 107, 108, 110, 109, 105, 97, 91, 90, 87, 83, 82, 86, 88, 89, 100, 99, 96, 84, 85, 41, 39, 40, 38, 115]","[56, 7, 37, 6, 34, 54, 55, 12, 11, 5, 4, 36, 35, 8, 9, 10, 30, 38, 17, 113, 15, 19, 18, 13, 14, 16, 33, 3, 1, 2, 65, 68, 116, 64, 63, 59, 61, 60, 62, 66, 49, 67, 81, 80, 77, 78, 79, 48, 47, 46, 45, 44, 43, 50, 57, 26, 25, 23, 24, 32, 27, 114, 115, 31, 29, 28, 72, 71, 70, 73, 75, 74, 118, 76, 22, 21, 20, 51, 58, 52, 53, 82, 83, 96, 95, 94, 97, 100, 103, 105, 104, 106, 108, 109, 110, 112, 111, 107, 99, 93, 92, 89, 85, 84, 88, 90, 91, 102, 101, 98, 86, 87, 42, 40, 41, 39, 117]",9245.8642578125,59572.171875,0.5,0.1650799959897995,3.1282050609588623,490,1.0,0.0,1.0,explicit_bus_branch,0.22583886981010437,0.028907576575875282,0.04731256142258644,0.042312487959861755,0.11935625225305557
8,single_active_region_search,state,1,47,2,45,0,-1.2369804382324219,-1.2369804382324219,412.25834960937505,0,1,1,0,[0],131.52175903320312,94.46812438964844,94.46812438964844,0.0,37.05363464355469,0,0,0.1552044302225113,0.1552044302225113,0,0,0,0.0,0.0,0.28173007201188943,6,6,1,0,0.6527195297181606,0.3505348666065083,1.0130941568515779,0.01309415685157783,0.9502301495089274,0,0,0,0,117,0,1.0,0,1,0,490,1.0,0,117,1.0,2061.291748046875,0.04876594990491867,364.4391784667969,0.17680135711604728,0,0,0.0,0,1.0,0.04466375708580017,0.030554387718439102,0.6840980184390528,0.13793101687477094,0.20162462493286046,432.7480163574219,112.04727935791016,0.2589203765762992,0.17891070036095783,0.6909873255273754,3,0.18811675642420897,0.13793101687477094,0.7332202032765678,0.0,0.6577249982818064,117,"[63, 56, 12, 10, 11, 55, 53, 54, 62, 58, 60, 59, 61, 64, 67, 114, 65, 48, 49, 4, 3, 66, 6, 5, 7, 8, 9, 29, 16, 14, 18, 17, 111, 37, 36, 33, 35, 34, 79, 78, 75, 76, 77, 47, 46, 45, 44, 43, 42, 13, 15, 32, 1, 0, 2, 25, 24, 22, 23, 31, 26, 112, 113, 30, 28, 27, 70, 69, 68, 71, 73, 72, 116, 74, 21, 20, 19, 50, 57, 51, 52, 80, 81, 94, 93, 92, 95, 98, 101, 102, 103, 104, 106, 107, 108, 110, 109, 105, 97, 91, 90, 87, 83, 82, 86, 88, 89, 100, 99, 96, 84, 85, 41, 39, 40, 38, 115]","[64, 57, 13, 11, 12, 56, 54, 55, 63, 59, 61, 60, 62, 65, 68, 116, 66, 49, 50, 5, 4, 67, 7, 6, 8, 9, 10, 30, 17, 15, 19, 18, 113, 38, 37, 34, 36, 35, 81, 80, 77, 78, 79, 48, 47, 46, 45, 44, 43, 14, 16, 33, 2, 1, 3, 26, 25, 23, 24, 32, 27, 114, 115, 31, 29, 28, 72, 71, 70, 73, 75, 74, 118, 76, 22, 21, 20, 51, 58, 52, 53, 82, 83, 96, 95, 94, 97, 100, 103, 104, 105, 106, 108, 109, 110, 112, 111, 107, 99, 93, 92, 89, 85, 84, 88, 90, 91, 102, 101, 98, 86, 87, 42, 40, 41, 39, 117]",9245.8642578125,59572.171875,0.5,0.1650800108909607,3.1282050609588623,490,1.0,0.0,1.0,explicit_bus_branch,0.21735583245754242,0.015312453731894493,0.016678662970662117,0.01519846636801958,0.11935623735189438
13,single_active_region_search,state,1,35,2,33,0,-1.4407339096069336,-1.4407339096069336,408.970458984375,0,1,1,0,[0],99.57546997070312,86.60800170898438,86.60800170898438,0.0,12.96746826171875,0,0,0.1552044302225113,0.1552044302225113,0,0,0,0.0,0.0,0.1302275376208017,6,6,1,0,0.6548130087554455,0.28561648603341994,1.0166351131671183,0.01663511316711834,0.9376109433992964,0,0,0,0,117,0,1.0,0,1,0,490,1.0,0,117,1.0,2044.852294921875,0.05554485321044922,408.970458984375,0.2,0,0,0.0,0,1.0,0.04768674448132515,0.03765014931559563,0.7895307118383809,0.1333159616724507,0.16885467755839492,422.01617431640625,107.79902648925781,0.25543813969659745,0.06305941701576996,0.24686767141881485,21,0.27871075454348093,0.1333159616724507,0.4783308559021591,0.095238097012043,0.7387008934510644,117,"[59, 73, 61, 60, 63, 62, 58, 64, 67, 114, 116, 72, 74, 75, 76, 78, 77, 79, 68, 69, 71, 65, 48, 66, 55, 53, 54, 47, 46, 45, 44, 43, 42, 33, 36, 35, 34, 37, 29, 16, 111, 7, 4, 3, 8, 9, 14, 18, 17, 10, 11, 5, 6, 25, 24, 22, 23, 31, 26, 112, 113, 30, 28, 27, 70, 49, 56, 12, 13, 15, 32, 1, 0, 2, 21, 20, 19, 50, 57, 51, 52, 41, 39, 40, 38, 80, 81, 94, 93, 92, 95, 98, 101, 103, 102, 104, 106, 107, 108, 110, 109, 105, 97, 91, 90, 87, 83, 82, 86, 88, 89, 100, 99, 96, 84, 85, 115]","[60, 75, 62, 61, 64, 63, 59, 65, 68, 116, 118, 74, 76, 77, 78, 80, 79, 81, 70, 71, 73, 66, 49, 67, 56, 54, 55, 48, 47, 46, 45, 44, 43, 34, 37, 36, 35, 38, 30, 17, 113, 8, 5, 4, 9, 10, 15, 19, 18, 11, 12, 6, 7, 26, 25, 23, 24, 32, 27, 114, 115, 31, 29, 28, 72, 50, 57, 13, 14, 16, 33, 2, 1, 3, 22, 21, 20, 51, 58, 52, 53, 42, 40, 41, 39, 82, 83, 96, 95, 94, 97, 100, 103, 105, 104, 106, 108, 109, 110, 112, 111, 107, 99, 93, 92, 89, 85, 84, 88, 90, 91, 102, 101, 98, 86, 87, 117]",9245.8642578125,59572.171875,0.5,0.1650800108909607,3.1282050609588623,490,1.0,0.0,1.0,explicit_bus_branch,0.23587553203105927,0.03481466323137283,0.0773412436246872,0.07200117409229279,0.11935624480247498
14,single_active_region_search,state,1,3,2,1,0,-18.002891540527344,-18.002891540527344,413.3216796875,0,1,1,0,[0],13.81577205657959,-18.002891540527344,-18.002891540527344,0.0,31.818663597106934,0,0,0.1552044302225113,0.1552044302225113,1,0,0,0.0,0.0,2.3030680780487898,6,6,1,0,0.4479326479136944,0.806776426769793,0.0,1.0,0.2,0,0,0,0,117,0,1.0,0,1,0,490,1.0,0,117,1.0,2066.6083984375,0.011929280124604702,56.853302001953125,0.02751043789667079,0,0,0.0,0,1.0,0.014911599457263947,0.002982320496812463,0.2000000405965621,0.20000004581099665,1.0000000186463245,71.0666275024414,14.213327407836914,0.20000002683887924,0.20000002658712315,0.9999999566580674,6,0.2000000405965621,0.2000000196332817,1.0000000186463245,0.0,0.0,117,"[47, 30, 98, 48, 28, 27, 26, 31, 113, 112, 65, 64, 67, 114, 63, 62, 60, 59, 61, 58, 66, 55, 53, 54, 79, 78, 75, 76, 77, 16, 111, 29, 37, 36, 33, 35, 34, 14, 18, 17, 7, 4, 3, 8, 9, 10, 11, 6, 5, 46, 45, 44, 43, 42, 49, 56, 12, 24, 25, 22, 23, 13, 101, 92, 93, 94, 80, 81, 95, 102, 103, 104, 106, 107, 108, 110, 109, 105, 97, 91, 90, 87, 83, 82, 86, 88, 89, 100, 99, 96, 84, 85, 15, 32, 1, 0, 2, 41, 39, 40, 38, 50, 57, 51, 52, 70, 69, 68, 71, 73, 72, 116, 74, 21, 20, 19, 115]","[48, 31, 100, 49, 29, 28, 27, 32, 115, 114, 66, 65, 68, 116, 64, 63, 61, 60, 62, 59, 67, 56, 54, 55, 81, 80, 77, 78, 79, 17, 113, 30, 38, 37, 34, 36, 35, 15, 19, 18, 8, 5, 4, 9, 10, 11, 12, 7, 6, 47, 46, 45, 44, 43, 50, 57, 13, 25, 26, 23, 24, 14, 103, 94, 95, 96, 82, 83, 97, 104, 105, 106, 108, 109, 110, 112, 111, 107, 99, 93, 92, 89, 85, 84, 88, 90, 91, 102, 101, 98, 86, 87, 16, 33, 2, 1, 3, 42, 40, 41, 39, 51, 58, 52, 53, 72, 71, 70, 73, 75, 74, 118, 76, 22, 21, 20, 117]",9245.865234375,59572.171875,0.5,0.1650799959897995,3.1282050609588623,490,1.0,0.0,1.0,explicit_bus_branch,0.3462844491004944,0.039141181856393814,0.02390156127512455,0.021640626713633537,0.11935625225305557
16,single_active_region_search,state,1,3,2,1,0,-14.887571334838867,-14.887571334838867,414.28354492187503,0,1,1,0,[0],17.54251480102539,-14.887571334838867,-14.887571334838867,0.0,32.43008613586426,0,0,0.1552044153213501,0.1552044153213501,1,0,0,0.0,0.0,1.8486566209976156,6,6,1,0,0.5283832967281342,0.8349341538548469,0.0,1.0,0.2,0,0,0,0,117,0,1.0,0,1,0,490,1.0,0,117,1.0,2071.417724609375,0.011673794128000736,103.57087707519531,0.04999999558018968,0,0,0.0,0,1.0,0.01821563020348549,0.006541834678500891,0.3591330415375438,0.3591330613542328,0.9999999902386354,161.610595703125,58.03970718383789,0.3591330564145405,0.3591330640773946,0.9999999362752439,17,0.359133103824646,0.3591330832823723,1.0000000823704425,0.0,0.0,117,"[75, 59, 62, 60, 63, 76, 58, 61, 77, 78, 64, 67, 114, 79, 65, 48, 66, 55, 53, 54, 47, 45, 46, 44, 43, 42, 33, 36, 35, 34, 37, 29, 16, 7, 4, 3, 8, 9, 10, 11, 6, 5, 111, 14, 18, 17, 49, 56, 15, 13, 12, 32, 1, 0, 2, 25, 24, 22, 23, 31, 26, 112, 113, 30, 28, 27, 70, 69, 68, 71, 73, 72, 116, 74, 21, 20, 19, 50, 57, 51, 52, 80, 81, 94, 93, 92, 95, 98, 101, 102, 103, 104, 106, 107, 108, 110, 109, 105, 97, 82, 83, 86, 87, 90, 91, 88, 89, 100, 99, 84, 85, 96, 38, 39, 40, 41, 115]","[77, 60, 63, 61, 64, 78, 59, 62, 79, 80, 65, 68, 116, 81, 66, 49, 67, 56, 54, 55, 48, 46, 47, 45, 44, 43, 34, 37, 36, 35, 38, 30, 17, 8, 5, 4, 9, 10, 11, 12, 7, 6, 113, 15, 19, 18, 50, 57, 16, 14, 13, 33, 2, 1, 3, 26, 25, 23, 24, 32, 27, 114, 115, 31, 29, 28, 72, 71, 70, 73, 75, 74, 118, 76, 22, 21, 20, 51, 58, 52, 53, 82, 83, 96, 95, 94, 97, 100, 103, 104, 105, 106, 108, 109, 110, 112, 111, 107, 99, 84, 85, 88, 89, 92, 93, 90, 91, 102, 101, 86, 87, 98, 39, 40, 41, 42, 117]",9245.8642578125,59572.171875,0.5,0.1650800108909607,3.1282050609588623,490,1.0,0.0,1.0,explicit_bus_branch,0.3114069998264313,0.052971482276916504,0.07468290627002716,0.06780610978603363,0.11935625225305557
17,single_active_region_search,state,0,243,2,241,1,28.55215072631836,28.55215072631836,426.00791015625003,0,1,1,0,[0],216.78350830078125,173.66053771972656,173.66053771972656,0.0,43.12297058105469,0,0,0.1552044153213501,0.1552044153213501,0,0,0,0.0,0.0,0.19892182260111194,6,6,1,0,0.6698660612106324,0.3206525778842032,0.8355864199130886,0.1644135800869114,0.6032620840937926,0,3,0,0,117,0,1.0,-1,1,0,490,1.0,0,117,1.0,2130.03955078125,0.059127289801836014,426.0078125,0.1999999541528466,0,0,0.0,0,1.0,0.06414157897233963,0.021371228620409966,0.3331883773803897,0.13062682094308228,0.3920508644719243,664.619384765625,307.08782958984375,0.4620506663345922,0.40131763632535616,0.8685577843440084,8,0.2031051514379942,0.13062680615801694,0.6431487375181194,0.0,0.26412648438785,117,"[55, 111, 25, 16, 24, 29, 53, 54, 22, 23, 31, 26, 112, 113, 30, 28, 27, 7, 4, 3, 8, 9, 37, 36, 33, 35, 34, 14, 18, 17, 10, 11, 6, 5, 12, 13, 15, 32, 1, 0, 2, 64, 67, 114, 63, 62, 58, 60, 59, 61, 65, 48, 66, 79, 78, 75, 76, 77, 47, 46, 45, 44, 43, 42, 49, 56, 70, 69, 68, 71, 73, 72, 116, 74, 21, 20, 19, 50, 57, 51, 52, 80, 81, 94, 93, 92, 95, 98, 91, 90, 87, 83, 82, 86, 88, 89, 100, 99, 101, 97, 102, 103, 104, 106, 107, 108, 110, 109, 105, 96, 84, 85, 41, 39, 40, 38, 115]","[56, 113, 26, 17, 25, 30, 54, 55, 23, 24, 32, 27, 114, 115, 31, 29, 28, 8, 5, 4, 9, 10, 38, 37, 34, 36, 35, 15, 19, 18, 11, 12, 7, 6, 13, 14, 16, 33, 2, 1, 3, 65, 68, 116, 64, 63, 59, 61, 60, 62, 66, 49, 67, 81, 80, 77, 78, 79, 48, 47, 46, 45, 44, 43, 50, 57, 72, 71, 70, 73, 75, 74, 118, 76, 22, 21, 20, 51, 58, 52, 53, 82, 83, 96, 95, 94, 97, 100, 93, 92, 89, 85, 84, 88, 90, 91, 102, 101, 103, 99, 104, 105, 106, 108, 109, 110, 112, 111, 107, 98, 86, 87, 42, 40, 41, 39, 117]",9245.865234375,59572.171875,0.5,0.1650800108909607,3.1282050609588623,490,1.0,0.0,1.0,explicit_bus_branch,0.255539208650589,0.03973865881562233,0.03675461933016777,0.033065807074308395,0.11935624480247498
21,single_active_region_search,state,1,3,2,1,0,-7.882931232452393,-7.882931232452393,403.756494140625,0,1,1,0,[0],36.52546691894531,-7.882931232452393,-7.882931232452393,0.0,44.408398151397705,0,0,0.1552044153213501,0.1552044153213501,1,0,0,0.0,0.0,1.2158201358505731,6,6,1,0,0.5694070398807526,0.8492924639582634,0.0,1.0,0.2,0,0,0,0,117,0,1.0,0,1,0,490,1.0,0,117,1.0,2018.782470703125,0.006959173828363419,100.93913269042969,0.05000000453504703,0,0,0.0,0,1.0,0.01215819176286459,0.005199017934501171,0.42761440483121904,0.4276144137006626,0.9999999366956146,176.34812927246094,75.40900421142578,0.42761442677351885,0.4276144189532872,0.9999999627876183,9,0.42761440483121904,0.4276144208264731,1.0000000518021166,0.0,0.0,117,"[113, 53, 69, 112, 55, 54, 68, 71, 31, 26, 73, 72, 116, 74, 75, 76, 78, 77, 79, 67, 114, 64, 63, 62, 58, 60, 59, 61, 65, 48, 66, 27, 28, 30, 16, 111, 29, 37, 36, 33, 35, 34, 14, 18, 17, 7, 4, 3, 8, 9, 10, 11, 6, 5, 22, 23, 24, 25, 70, 12, 13, 15, 32, 1, 0, 2, 47, 46, 45, 44, 43, 42, 49, 56, 21, 20, 19, 50, 57, 51, 52, 80, 81, 94, 93, 92, 95, 98, 101, 102, 103, 104, 106, 107, 108, 110, 109, 105, 97, 91, 90, 87, 83, 82, 86, 100, 99, 88, 89, 96, 84, 85, 41, 39, 40, 38, 115]","[115, 54, 71, 114, 56, 55, 70, 73, 32, 27, 75, 74, 118, 76, 77, 78, 80, 79, 81, 68, 116, 65, 64, 63, 59, 61, 60, 62, 66, 49, 67, 28, 29, 31, 17, 113, 30, 38, 37, 34, 36, 35, 15, 19, 18, 8, 5, 4, 9, 10, 11, 12, 7, 6, 23, 24, 25, 26, 72, 13, 14, 16, 33, 2, 1, 3, 48, 47, 46, 45, 44, 43, 50, 57, 22, 21, 20, 51, 58, 52, 53, 82, 83, 96, 95, 94, 97, 100, 103, 104, 105, 106, 108, 109, 110, 112, 111, 107, 99, 93, 92, 89, 85, 84, 88, 102, 101, 90, 91, 98, 86, 87, 42, 40, 41, 39, 117]",9245.8642578125,59572.171875,0.5,0.1650800108909607,3.1282050609588623,490,1.0,0.0,1.0,explicit_bus_branch,0.31105872988700867,0.028610974550247192,0.04162729158997536,0.0370626263320446,0.11935625225305557
24,single_active_region_search,state,1,23,2,21,0,-6.028118133544922,-6.028118133544922,413.12236328125005,0,1,1,0,[0],59.25041961669922,18.758899688720703,18.758899688720703,0.0,40.491519927978516,0,0,0.1552044302225113,0.1552044302225113,0,0,0,0.0,0.0,0.6833963403115939,6,6,1,0,0.5958058021962642,0.5046704449037165,1.3213471063641058,0.32134710636410574,0.4375623805831984,0,0,0,0,117,0,1.0,0,1,0,490,1.0,0,117,1.0,2065.61181640625,0.029457896947860718,278.3465881347656,0.1347526122401027,0,0,0.0,0,1.0,0.021421415731310844,0.011943656019866467,0.5575568006184061,-0.29009915521107293,-0.5203042693655645,203.5226287841797,174.42245483398438,0.8570175015720053,-0.0679861921479034,-0.07932882684511092,17,0.4084904745735742,-0.29009919200958717,-0.7101736804962169,0.9411764740943909,0.37948012853315083,117,"[35, 107, 6, 34, 106, 5, 33, 36, 11, 10, 4, 3, 103, 102, 7, 8, 9, 108, 101, 98, 104, 110, 109, 29, 16, 37, 105, 111, 14, 18, 17, 92, 93, 94, 80, 81, 75, 76, 78, 77, 95, 79, 67, 114, 64, 63, 62, 60, 59, 58, 61, 65, 48, 66, 55, 53, 54, 97, 91, 90, 87, 83, 82, 86, 88, 89, 100, 99, 96, 47, 46, 45, 44, 43, 42, 49, 56, 84, 85, 12, 13, 15, 32, 1, 0, 2, 25, 24, 22, 23, 31, 26, 112, 113, 30, 28, 27, 70, 69, 68, 71, 73, 72, 116, 74, 21, 20, 19, 50, 57, 51, 52, 115, 41, 39, 40, 38]","[36, 109, 7, 35, 108, 6, 34, 37, 12, 11, 5, 4, 105, 104, 8, 9, 10, 110, 103, 100, 106, 112, 111, 30, 17, 38, 107, 113, 15, 19, 18, 94, 95, 96, 82, 83, 77, 78, 80, 79, 97, 81, 68, 116, 65, 64, 63, 61, 60, 59, 62, 66, 49, 67, 56, 54, 55, 99, 93, 92, 89, 85, 84, 88, 90, 91, 102, 101, 98, 48, 47, 46, 45, 44, 43, 50, 57, 86, 87, 13, 14, 16, 33, 2, 1, 3, 26, 25, 23, 24, 32, 27, 114, 115, 31, 29, 28, 72, 71, 70, 73, 75, 74, 118, 76, 22, 21, 20, 51, 58, 52, 53, 117, 42, 40, 41, 39]",9245.865234375,59572.171875,0.5,0.1650800108909607,3.1282050609588623,490,1.0,0.0,1.0,explicit_bus_branch,0.3193276524543762,0.05930517613887787,0.05049169063568115,0.04567074030637741,0.11935625225305557
29,single_active_region_search,state,0,243,2,241,1,88.03456115722656,88.03456115722656,436.654541015625,0,1,1,0,[0],243.68832397460938,205.5689239501953,205.5689239501953,0.0,38.11940002441406,0,0,0.1552044153213501,0.1552044153213501,0,0,0,0.0,0.0,0.15642686281672583,6,6,1,0,0.6775715053081514,0.3049350007451008,0.57175160785219,0.42824839214780996,0.36859652436229845,0,3,0,0,117,0,1.0,-1,1,0,490,1.0,0,117,1.0,2183.272705078125,0.056427448987960815,436.6545104980469,0.19999998602209515,0,0,0.0,0,1.0,0.08133035898208618,0.039407167583703995,0.4845320748231766,0.376702610849486,0.7774563930365235,856.7428588867188,460.757568359375,0.5378014693441382,0.5147344222629651,0.9571085207648393,18,0.42528226518636536,0.376702610849486,0.8857706752418956,0.0,0.23217742966822205,117,"[53, 90, 73, 55, 54, 72, 68, 69, 116, 74, 75, 76, 71, 78, 77, 79, 67, 114, 64, 87, 63, 62, 58, 60, 59, 61, 65, 48, 66, 88, 89, 86, 83, 82, 81, 80, 94, 92, 93, 91, 98, 100, 99, 95, 101, 97, 102, 103, 104, 106, 107, 108, 110, 109, 105, 96, 84, 85, 47, 46, 45, 44, 43, 42, 33, 36, 35, 34, 37, 29, 16, 7, 4, 3, 8, 9, 111, 14, 18, 17, 10, 11, 6, 5, 49, 56, 12, 13, 1, 0, 2, 15, 32, 25, 24, 22, 23, 31, 26, 112, 113, 30, 28, 27, 70, 21, 20, 19, 50, 57, 51, 52, 41, 39, 40, 38, 115]","[54, 92, 75, 56, 55, 74, 70, 71, 118, 76, 77, 78, 73, 80, 79, 81, 68, 116, 65, 89, 64, 63, 59, 61, 60, 62, 66, 49, 67, 90, 91, 88, 85, 84, 83, 82, 96, 94, 95, 93, 100, 102, 101, 97, 103, 99, 104, 105, 106, 108, 109, 110, 112, 111, 107, 98, 86, 87, 48, 47, 46, 45, 44, 43, 34, 37, 36, 35, 38, 30, 17, 8, 5, 4, 9, 10, 113, 15, 19, 18, 11, 12, 7, 6, 50, 57, 13, 14, 2, 1, 3, 16, 33, 26, 25, 23, 24, 32, 27, 114, 115, 31, 29, 28, 72, 22, 21, 20, 51, 58, 52, 53, 42, 40, 41, 39, 117]",9245.8642578125,59572.171875,0.5,0.1650800108909607,3.1282050609588623,490,1.0,0.0,1.0,explicit_bus_branch,0.23066984117031097,0.02926032245159149,0.05191816762089729,0.04681648313999176,0.11935624480247498
39,single_active_region_search,state,1,3,2,1,0,-18.07298469543457,-18.07298469543457,414.0146484375,0,1,1,0,[0],15.51917839050293,-18.07298469543457,-18.07298469543457,0.0,33.5921630859375,0,0,0.1552044153213501,0.1552044153213501,1,0,0,0.0,0.0,2.164558086818208,6,6,1,0,0.47048592269420625,0.8146700729429722,0.0,1.0,0.2,0,0,0,0,117,0,1.0,0,1,0,490,1.0,0,117,1.0,2070.0732421875,0.01643979735672474,103.50365447998047,0.04999999631443256,0,0,0.0,0,1.0,0.021763348951935768,0.005323552060872316,0.2446108856053979,0.24461084625527105,0.9999998485327816,137.02032470703125,33.51666259765625,0.24461088286952754,0.24461088954379465,0.9999999727729234,20,0.2446108642088156,0.24461084658641685,0.9999999988051704,0.0,0.0,117,"[6, 39, 11, 5, 4, 3, 10, 40, 41, 38, 36, 33, 35, 34, 48, 7, 8, 9, 29, 37, 16, 111, 14, 18, 17, 64, 67, 114, 65, 63, 62, 60, 59, 61, 58, 66, 55, 53, 54, 47, 79, 78, 75, 76, 77, 46, 45, 44, 43, 42, 49, 56, 12, 25, 24, 22, 23, 31, 26, 112, 113, 27, 28, 30, 1, 0, 2, 13, 15, 32, 50, 57, 51, 52, 70, 69, 68, 71, 73, 72, 116, 74, 21, 20, 19, 80, 81, 94, 93, 92, 95, 98, 101, 102, 103, 104, 106, 107, 108, 110, 109, 105, 97, 91, 90, 87, 100, 99, 83, 82, 86, 88, 89, 96, 84, 85, 115]","[7, 40, 12, 6, 5, 4, 11, 41, 42, 39, 37, 34, 36, 35, 49, 8, 9, 10, 30, 38, 17, 113, 15, 19, 18, 65, 68, 116, 66, 64, 63, 61, 60, 62, 59, 67, 56, 54, 55, 48, 81, 80, 77, 78, 79, 47, 46, 45, 44, 43, 50, 57, 13, 26, 25, 23, 24, 32, 27, 114, 115, 28, 29, 31, 2, 1, 3, 14, 16, 33, 51, 58, 52, 53, 72, 71, 70, 73, 75, 74, 118, 76, 22, 21, 20, 82, 83, 96, 95, 94, 97, 100, 103, 104, 105, 106, 108, 109, 110, 112, 111, 107, 99, 93, 92, 89, 102, 101, 85, 84, 88, 90, 91, 98, 86, 87, 117]",9245.8642578125,59572.171875,0.5,0.1650800108909607,3.1282050609588623,490,1.0,0.0,1.0,explicit_bus_branch,0.23644357919692993,0.051097750663757324,0.06778563559055328,0.06192241609096527,0.11935623735189438
42,single_active_region_search,state,1,11,2,9,0,-2.4807605743408203,-2.4807605743408203,425.43417968750003,0,1,1,0,[0],42.28541564941406,4.549264907836914,4.549264907836914,0.0,37.73615074157715,0,0,0.1552044302225113,0.1552044302225113,0,0,0,0.0,0.0,0.8924152727844842,6,6,1,0,0.6136542849242687,0.6014922845967705,1.5453102038677218,0.5453102038677218,0.3143427542916081,0,0,0,0,117,0,1.0,0,1,0,490,1.0,0,117,1.0,2127.1708984375,0.050907593220472336,228.5684356689453,0.10745184406050252,0,0,0.0,0,1.0,0.011146697215735912,0.04925394058227539,4.418702655055802,-0.1665349174239979,-0.0376886428984703,254.1640167236328,133.97091674804688,0.5271041844358368,0.23455367985142073,0.444985454301871,6,0.39792587734231233,-0.16653491255946576,-0.41850739186169755,0.3333333432674408,4.400748453776211,117,"[55, 60, 108, 53, 54, 59, 61, 63, 62, 58, 64, 67, 114, 65, 48, 66, 79, 78, 75, 76, 77, 110, 107, 106, 103, 102, 101, 98, 104, 109, 105, 92, 93, 94, 80, 81, 95, 97, 91, 90, 87, 83, 82, 86, 88, 89, 100, 99, 96, 84, 85, 47, 46, 45, 44, 43, 42, 33, 36, 35, 34, 37, 29, 16, 7, 4, 3, 8, 9, 111, 14, 18, 17, 10, 11, 6, 5, 49, 56, 12, 13, 15, 32, 1, 0, 2, 25, 24, 22, 23, 31, 26, 112, 113, 30, 28, 27, 70, 69, 68, 71, 73, 72, 116, 74, 21, 20, 19, 50, 57, 51, 52, 41, 39, 40, 38, 115]","[56, 61, 110, 54, 55, 60, 62, 64, 63, 59, 65, 68, 116, 66, 49, 67, 81, 80, 77, 78, 79, 112, 109, 108, 105, 104, 103, 100, 106, 111, 107, 94, 95, 96, 82, 83, 97, 99, 93, 92, 89, 85, 84, 88, 90, 91, 102, 101, 98, 86, 87, 48, 47, 46, 45, 44, 43, 34, 37, 36, 35, 38, 30, 17, 8, 5, 4, 9, 10, 113, 15, 19, 18, 11, 12, 7, 6, 50, 57, 13, 14, 16, 33, 2, 1, 3, 26, 25, 23, 24, 32, 27, 114, 115, 31, 29, 28, 72, 71, 70, 73, 75, 74, 118, 76, 22, 21, 20, 51, 58, 52, 53, 42, 40, 41, 39, 117]",9245.8642578125,59572.171875,0.5,0.1650800108909607,3.1282050609588623,490,1.0,0.0,1.0,explicit_bus_branch,0.19244635105133057,0.02135770581662655,0.02606305107474327,0.022476308047771454,0.11935623735189438
46,single_active_region_search,state,1,3,2,1,0,-2.5262937545776367,-2.5262937545776367,415.303466796875,0,1,1,0,[0],43.27267074584961,-2.5262937545776367,-2.5262937545776367,0.0,45.798964500427246,0,0,0.1552044153213501,0.1552044153213501,1,0,0,0.0,0.0,1.0583808142884257,6,6,1,0,0.5210058510303498,0.8323520478606224,0.0,1.0,0.2,0,0,0,0,117,0,1.0,0,1,0,490,1.0,0,117,1.0,2076.517333984375,0.012208419851958752,103.82587432861328,0.050000003674129954,0,0,0.0,0,1.0,0.018625741824507713,0.006417322438210249,0.3445405019931259,0.34454050832129474,0.9999999682331498,158.40164184570312,54.575782775878906,0.3445405119540392,0.3445404453804787,0.9999998821745285,11,0.34454046753776646,0.3445404873481756,0.9999998073566372,0.0,0.0,117,"[5, 104, 24, 6, 103, 25, 11, 10, 4, 3, 102, 29, 7, 16, 8, 9, 98, 101, 22, 23, 106, 107, 108, 110, 109, 105, 111, 31, 26, 112, 113, 30, 28, 27, 14, 18, 17, 37, 36, 33, 35, 34, 92, 93, 94, 80, 81, 75, 76, 78, 77, 79, 67, 114, 64, 95, 63, 62, 60, 59, 58, 61, 65, 48, 66, 55, 53, 54, 97, 91, 90, 87, 83, 82, 86, 88, 89, 100, 99, 96, 84, 85, 12, 13, 15, 32, 1, 0, 2, 47, 46, 45, 44, 43, 42, 49, 56, 70, 69, 68, 71, 73, 72, 116, 74, 21, 20, 19, 50, 57, 51, 52, 41, 40, 39, 38, 115]","[6, 106, 25, 7, 105, 26, 12, 11, 5, 4, 104, 30, 8, 17, 9, 10, 100, 103, 23, 24, 108, 109, 110, 112, 111, 107, 113, 32, 27, 114, 115, 31, 29, 28, 15, 19, 18, 38, 37, 34, 36, 35, 94, 95, 96, 82, 83, 77, 78, 80, 79, 81, 68, 116, 65, 97, 64, 63, 61, 60, 59, 62, 66, 49, 67, 56, 54, 55, 99, 93, 92, 89, 85, 84, 88, 90, 91, 102, 101, 98, 86, 87, 13, 14, 16, 33, 2, 1, 3, 48, 47, 46, 45, 44, 43, 50, 57, 72, 71, 70, 73, 75, 74, 118, 76, 22, 21, 20, 51, 58, 52, 53, 42, 41, 40, 39, 117]",9245.865234375,59572.171875,0.5,0.1650800108909607,3.1282050609588623,490,1.0,0.0,1.0,explicit_bus_branch,0.20002534985542297,0.020319413393735886,0.030253874137997627,0.02746119722723961,0.11935624480247498
51,single_active_region_search,state,1,3,2,1,0,-19.35753631591797,-19.35753631591797,409.453857421875,0,1,1,0,[0],0.10416030883789062,-19.35753631591797,-19.35753631591797,0.0,19.46169662475586,0,0,0.1552044302225113,0.1552044302225113,1,0,0,0.0,0.0,186.8436916315693,6,6,1,0,0.4479326866567135,0.8067764403298497,0.0,1.0,0.2,0,0,0,0,117,0,1.0,0,1,0,490,1.0,0,117,1.0,2047.269287109375,0.009309588931500912,69.81683349609375,0.03410241824839323,0,0,0.0,0,1.0,0.011636986397206783,0.0023273974657058716,0.20000001600625011,0.20000002149161708,1.0000000371618132,87.27104187011719,17.454214096069336,0.20000006556637545,0.2000000641105779,1.0000000718239794,2,0.20000001600625011,0.20000002149161708,1.0000000371618132,0.0,0.0,117,"[106, 25, 1, 107, 24, 11, 10, 103, 102, 108, 101, 98, 104, 29, 16, 110, 109, 0, 2, 4, 3, 7, 8, 9, 6, 5, 22, 23, 105, 111, 31, 26, 112, 113, 30, 28, 27, 14, 18, 17, 37, 36, 33, 35, 34, 92, 93, 94, 80, 81, 75, 76, 78, 77, 95, 79, 67, 114, 64, 63, 62, 60, 59, 58, 61, 65, 48, 66, 55, 53, 54, 97, 13, 15, 91, 90, 87, 83, 82, 86, 88, 89, 100, 99, 96, 12, 84, 85, 32, 47, 46, 45, 44, 43, 42, 49, 56, 70, 69, 68, 71, 73, 72, 116, 74, 21, 20, 19, 50, 57, 51, 52, 41, 39, 40, 38, 115]","[108, 26, 2, 109, 25, 12, 11, 105, 104, 110, 103, 100, 106, 30, 17, 112, 111, 1, 3, 5, 4, 8, 9, 10, 7, 6, 23, 24, 107, 113, 32, 27, 114, 115, 31, 29, 28, 15, 19, 18, 38, 37, 34, 36, 35, 94, 95, 96, 82, 83, 77, 78, 80, 79, 97, 81, 68, 116, 65, 64, 63, 61, 60, 59, 62, 66, 49, 67, 56, 54, 55, 99, 14, 16, 93, 92, 89, 85, 84, 88, 90, 91, 102, 101, 98, 13, 86, 87, 33, 48, 47, 46, 45, 44, 43, 50, 57, 72, 71, 70, 73, 75, 74, 118, 76, 22, 21, 20, 51, 58, 52, 53, 42, 40, 41, 39, 117]",9245.8642578125,59572.171875,0.5,0.1650800108909607,3.1282050609588623,490,1.0,0.0,1.0,explicit_bus_branch,0.19639800488948822,0.01723358780145645,0.017270466312766075,0.015569199807941914,0.11935625225305557
58,single_active_region_search,state,1,3,2,1,0,-3.5579824447631836,-3.5579824447631836,408.7630126953125,0,1,1,0,[0],10.778973579406738,-3.5579824447631836,-3.5579824447631836,0.0,14.336956024169922,0,0,0.1552044302225113,0.1552044302225113,1,0,0,0.0,0.0,1.3300854593020546,6,6,1,0,0.6310030601918697,0.8708510710671544,0.0,1.0,0.2,0,0,0,0,117,0,1.0,0,1,0,490,1.0,0,117,1.0,2043.8150634765625,0.005590424407273531,102.19074249267578,0.049999994773914466,0,0,0.0,0,1.0,0.016520516946911812,0.010930091142654419,0.6616070900068043,0.6616071546632464,1.000000011044696,301.988525390625,199.79776000976562,0.6616071248115316,0.6616070814375773,0.9999997723737819,8,0.6616071463804988,0.6616072079811331,1.0000000064259236,0.0,0.0,117,"[67, 40, 18, 114, 39, 38, 36, 33, 41, 14, 16, 17, 35, 34, 111, 29, 37, 64, 48, 65, 63, 62, 60, 59, 61, 58, 66, 7, 4, 3, 8, 9, 10, 11, 6, 5, 55, 53, 54, 79, 78, 75, 76, 77, 12, 13, 47, 46, 45, 44, 43, 42, 49, 56, 32, 15, 1, 0, 2, 50, 57, 51, 52, 25, 24, 22, 23, 31, 26, 112, 113, 30, 28, 27, 70, 69, 68, 71, 73, 72, 116, 74, 21, 20, 19, 80, 81, 94, 93, 92, 95, 98, 101, 102, 103, 104, 106, 107, 108, 110, 109, 105, 97, 91, 90, 87, 83, 82, 86, 88, 89, 100, 99, 96, 84, 85, 115]","[68, 41, 19, 116, 40, 39, 37, 34, 42, 15, 17, 18, 36, 35, 113, 30, 38, 65, 49, 66, 64, 63, 61, 60, 62, 59, 67, 8, 5, 4, 9, 10, 11, 12, 7, 6, 56, 54, 55, 81, 80, 77, 78, 79, 13, 14, 48, 47, 46, 45, 44, 43, 50, 57, 33, 16, 2, 1, 3, 51, 58, 52, 53, 26, 25, 23, 24, 32, 27, 114, 115, 31, 29, 28, 72, 71, 70, 73, 75, 74, 118, 76, 22, 21, 20, 82, 83, 96, 95, 94, 97, 100, 103, 104, 105, 106, 108, 109, 110, 112, 111, 107, 99, 93, 92, 89, 85, 84, 88, 90, 91, 102, 101, 98, 86, 87, 117]",9245.8642578125,59572.171875,0.5,0.1650799959897995,3.1282050609588623,490,1.0,0.0,1.0,explicit_bus_branch,0.20129652321338654,0.014714417047798634,0.03189797326922417,0.02874695137143135,0.11935624480247498
59,single_active_region_search,state,0,243,2,241,1,34.34882736206055,34.34882736206055,444.115869140625,0,1,1,0,[0],151.4691619873047,124.2425537109375,124.2425537109375,0.0,27.226608276367188,0,0,0.1552044153213501,0.1552044153213501,0,0,0,0.0,0.0,0.17975017435330615,6,6,1,0,0.6695626646280289,0.3122386748395761,0.7235341166443144,0.27646588335568556,0.4748645788906658,0,2,0,0,117,0,1.0,-1,1,0,490,1.0,0,117,1.0,2220.579345703125,0.04971533268690109,444.11590576171875,0.2000000164916844,0,0,0.0,0,1.0,0.05257565528154373,0.045097336173057556,0.857760800727264,0.42080092343877845,0.49058071055613356,692.0186157226562,305.4846496582031,0.4414399305417439,0.3915010649958403,0.8868728259433454,21,0.4776240561121279,0.42080092343877845,0.8810295413788607,0.2380952388048172,0.7124808955039867,117,"[60, 11, 112, 113, 59, 61, 63, 62, 58, 64, 67, 114, 65, 10, 48, 31, 26, 66, 4, 3, 6, 5, 7, 8, 9, 29, 16, 111, 37, 36, 33, 35, 34, 14, 18, 17, 30, 28, 27, 55, 53, 54, 79, 78, 75, 76, 77, 12, 24, 25, 22, 23, 13, 46, 45, 47, 44, 43, 42, 49, 56, 15, 32, 1, 0, 2, 70, 69, 68, 71, 73, 72, 116, 74, 21, 20, 19, 50, 57, 51, 52, 80, 81, 94, 93, 92, 95, 98, 101, 102, 103, 104, 106, 107, 108, 110, 109, 105, 97, 91, 90, 87, 83, 82, 86, 88, 89, 100, 99, 96, 84, 85, 41, 39, 40, 38, 115]","[61, 12, 114, 115, 60, 62, 64, 63, 59, 65, 68, 116, 66, 11, 49, 32, 27, 67, 5, 4, 7, 6, 8, 9, 10, 30, 17, 113, 38, 37, 34, 36, 35, 15, 19, 18, 31, 29, 28, 56, 54, 55, 81, 80, 77, 78, 79, 13, 25, 26, 23, 24, 14, 47, 46, 48, 45, 44, 43, 50, 57, 16, 33, 2, 1, 3, 72, 71, 70, 73, 75, 74, 118, 76, 22, 21, 20, 51, 58, 52, 53, 82, 83, 96, 95, 94, 97, 100, 103, 104, 105, 106, 108, 109, 110, 112, 111, 107, 99, 93, 92, 89, 85, 84, 88, 90, 91, 102, 101, 98, 86, 87, 42, 40, 41, 39, 117]",9245.8642578125,59572.171875,0.5,0.1650800257921219,3.1282050609588623,490,1.0,0.0,1.0,explicit_bus_branch,0.21549908816814423,0.03800684213638306,0.06780117750167847,0.060338396579027176,0.11935625225305557
61,single_active_region_search,state,1,3,2,1,0,-14.620500564575195,-14.620500564575195,406.23271484375005,0,1,1,0,[0],8.991485595703125,-14.620500564575195,-14.620500564575195,0.0,23.61198616027832,0,0,0.1552044302225113,0.1552044302225113,1,0,0,0.0,0.0,2.626038368071465,6,6,1,0,0.4479326479136944,0.806776426769793,0.0,1.0,0.2,0,0,0,0,117,0,1.0,0,1,0,490,1.0,0,117,1.0,2031.16357421875,0.008893154561519623,65.08954620361328,0.03204544775703197,0,0,0.0,0,1.0,0.011116443201899529,0.0022232886403799057,0.2,0.1999999911681905,1.0000000025137459,81.3619384765625,16.27238655090332,0.19999998593434226,0.2000000110641679,1.0000000676068217,1,0.2,0.1999999911681905,1.0000000025137459,0.0,0.0,117,"[30, 0, 1, 11, 2, 28, 10, 4, 3, 6, 5, 7, 8, 9, 29, 16, 111, 31, 112, 113, 26, 27, 14, 18, 17, 37, 36, 33, 35, 34, 13, 15, 12, 24, 25, 22, 23, 32, 64, 67, 114, 63, 62, 60, 59, 58, 61, 65, 48, 66, 55, 53, 54, 79, 78, 75, 76, 77, 47, 46, 45, 44, 43, 42, 49, 56, 70, 69, 68, 71, 73, 72, 116, 74, 21, 20, 19, 50, 57, 51, 52, 80, 81, 94, 93, 92, 95, 98, 101, 102, 103, 104, 106, 107, 108, 110, 109, 105, 97, 91, 90, 87, 83, 82, 86, 88, 89, 100, 99, 96, 84, 85, 41, 39, 40, 38, 115]","[31, 1, 2, 12, 3, 29, 11, 5, 4, 7, 6, 8, 9, 10, 30, 17, 113, 32, 114, 115, 27, 28, 15, 19, 18, 38, 37, 34, 36, 35, 14, 16, 13, 25, 26, 23, 24, 33, 65, 68, 116, 64, 63, 61, 60, 59, 62, 66, 49, 67, 56, 54, 55, 81, 80, 77, 78, 79, 48, 47, 46, 45, 44, 43, 50, 57, 72, 71, 70, 73, 75, 74, 118, 76, 22, 21, 20, 51, 58, 52, 53, 82, 83, 96, 95, 94, 97, 100, 103, 104, 105, 106, 108, 109, 110, 112, 111, 107, 99, 93, 92, 89, 85, 84, 88, 90, 91, 102, 101, 98, 86, 87, 42, 40, 41, 39, 117]",9245.8642578125,59572.171875,0.5,0.1650800108909607,3.1282050609588623,490,1.0,0.0,1.0,explicit_bus_branch,0.310121089220047,0.011872891336679459,0.009541810490190983,0.008547008968889713,0.11935625225305557
62,single_active_region_search,state,1,131,2,129,0,-0.1477193832397461,-0.1477193832397461,401.774853515625,0,1,1,0,[0],97.60903930664062,49.37916564941406,49.37916564941406,0.0,48.22987365722656,0,0,0.1552044302225113,0.1552044302225113,0,0,0,0.0,0.0,0.4941127788965478,6,6,1,0,0.6449285022914409,0.4398405133238417,1.0029915325886334,0.002991532588633339,0.9881753647719997,0,1,0,0,117,0,1.0,0,1,0,490,1.0,0,117,1.0,2008.874267578125,0.05696166679263115,350.2781677246094,0.17436540124878028,0,0,0.0,0,1.0,0.05384743958711624,0.03667290508747101,0.6810519751480536,0.17240922159933408,0.25315133272510676,358.81903076171875,156.0157470703125,0.4348034348655214,0.11804635761589403,0.2714936114114844,21,0.3873256761429367,0.1724092416740796,0.4451273072196633,0.095238097012043,0.560188126073969,117,"[78, 88, 65, 87, 90, 89, 64, 67, 114, 79, 63, 62, 60, 59, 61, 58, 48, 75, 76, 77, 66, 86, 83, 82, 81, 80, 94, 92, 93, 91, 98, 100, 99, 95, 101, 102, 103, 104, 106, 107, 108, 110, 109, 105, 97, 55, 53, 54, 96, 84, 85, 47, 46, 45, 44, 43, 42, 33, 36, 35, 34, 37, 29, 16, 7, 4, 3, 8, 9, 111, 14, 18, 17, 10, 11, 6, 5, 49, 56, 12, 13, 15, 32, 1, 0, 2, 25, 24, 22, 23, 31, 26, 112, 113, 30, 28, 27, 21, 20, 19, 70, 69, 68, 71, 73, 72, 116, 74, 50, 57, 51, 52, 41, 39, 40, 38, 115]","[80, 90, 66, 89, 92, 91, 65, 68, 116, 81, 64, 63, 61, 60, 62, 59, 49, 77, 78, 79, 67, 88, 85, 84, 83, 82, 96, 94, 95, 93, 100, 102, 101, 97, 103, 104, 105, 106, 108, 109, 110, 112, 111, 107, 99, 56, 54, 55, 98, 86, 87, 48, 47, 46, 45, 44, 43, 34, 37, 36, 35, 38, 30, 17, 8, 5, 4, 9, 10, 113, 15, 19, 18, 11, 12, 7, 6, 50, 57, 13, 14, 16, 33, 2, 1, 3, 26, 25, 23, 24, 32, 27, 114, 115, 31, 29, 28, 22, 21, 20, 72, 71, 70, 73, 75, 74, 118, 76, 51, 58, 52, 53, 42, 40, 41, 39, 117]",9245.8642578125,59572.171875,0.5,0.1650800108909607,3.1282050609588623,490,1.0,0.0,1.0,explicit_bus_branch,0.2574819326400757,0.0952850952744484,0.07752367109060287,0.07276281714439392,0.11935624480247498
66,single_active_region_search,state,1,3,2,1,0,-12.18577766418457,-12.18577766418457,416.660546875,0,1,1,0,[0],22.391315460205078,-12.18577766418457,-12.18577766418457,0.0,34.57709312438965,0,0,0.1552044153213501,0.1552044153213501,1,0,0,0.0,0.0,1.5442189265673882,6,6,1,0,0.447932642698288,0.8067764249444008,0.0,1.0,0.2,0,0,0,0,117,0,1.0,0,1,0,490,1.0,0,117,1.0,2083.302734375,0.01529977098107338,100.47274017333984,0.04822762362642514,0,0,0.0,0,1.0,0.0191247146576643,0.0038249429780989885,0.2000000024348666,0.19999998408560163,0.9999998949023268,125.59092712402344,25.118188858032227,0.20000002733658886,0.20000004333926832,1.0000000230969959,17,0.2000000024348666,0.2000000039785996,0.999999994367314,0.0,0.0,117,"[83, 29, 90, 87, 86, 82, 81, 80, 94, 92, 93, 91, 98, 88, 89, 100, 99, 16, 101, 75, 76, 78, 77, 95, 79, 67, 114, 64, 37, 36, 33, 34, 35, 63, 62, 60, 59, 58, 61, 65, 48, 66, 7, 4, 3, 8, 9, 111, 14, 18, 17, 10, 11, 6, 5, 97, 102, 103, 104, 106, 107, 108, 110, 109, 105, 55, 53, 54, 25, 24, 22, 23, 31, 26, 112, 113, 30, 28, 27, 96, 32, 12, 13, 84, 85, 15, 1, 0, 2, 47, 46, 45, 44, 43, 42, 49, 56, 70, 69, 68, 71, 73, 72, 116, 74, 21, 20, 19, 50, 57, 51, 52, 41, 39, 40, 38, 115]","[85, 30, 92, 89, 88, 84, 83, 82, 96, 94, 95, 93, 100, 90, 91, 102, 101, 17, 103, 77, 78, 80, 79, 97, 81, 68, 116, 65, 38, 37, 34, 35, 36, 64, 63, 61, 60, 59, 62, 66, 49, 67, 8, 5, 4, 9, 10, 113, 15, 19, 18, 11, 12, 7, 6, 99, 104, 105, 106, 108, 109, 110, 112, 111, 107, 56, 54, 55, 26, 25, 23, 24, 32, 27, 114, 115, 31, 29, 28, 98, 33, 13, 14, 86, 87, 16, 2, 1, 3, 48, 47, 46, 45, 44, 43, 50, 57, 72, 71, 70, 73, 75, 74, 118, 76, 22, 21, 20, 51, 58, 52, 53, 42, 40, 41, 39, 117]",9245.8642578125,59572.171875,0.5,0.1650799959897995,3.1282050609588623,490,1.0,0.0,1.0,explicit_bus_branch,0.22418683767318726,0.04881283640861511,0.050061024725437164,0.04519026726484299,0.11935625225305557
68,single_active_region_search,state,0,243,2,241,1,133.1399688720703,133.1399688720703,459.33574218750005,0,1,1,0,[0],309.8257751464844,272.1637268066406,272.1637268066406,0.0,37.66204833984375,0,0,0.1552044153213501,0.1552044153213501,0,0,0,0.0,0.0,0.12155879646242242,6,6,1,0,0.6822668492794037,0.291468875714841,0.5108092822132028,0.48919071778679724,0.3382077101137339,0,2,0,0,117,0,1.0,-1,1,0,490,1.0,0,117,1.0,2296.6787109375,0.08376987278461456,459.3357238769531,0.1999999920273799,0,0,0.0,0,1.0,0.07985904067754745,0.09317062050104141,1.1666884514333584,0.630410388693983,0.540341642047478,1058.312744140625,680.4923706054688,0.6429974262079255,0.612533517644572,0.9526219392304353,18,0.7333677971141295,0.630410388693983,0.8596100838979479,0.0,0.9073775161988633,117,"[60, 75, 48, 76, 78, 77, 59, 61, 63, 62, 58, 64, 67, 114, 65, 79, 66, 55, 53, 54, 47, 46, 45, 44, 43, 42, 33, 36, 35, 34, 37, 29, 16, 7, 4, 3, 8, 9, 111, 14, 18, 17, 10, 11, 6, 5, 49, 56, 12, 13, 15, 32, 1, 0, 2, 19, 20, 21, 22, 23, 24, 25, 31, 26, 112, 113, 30, 28, 27, 70, 69, 68, 71, 73, 72, 116, 74, 50, 57, 51, 52, 80, 81, 94, 93, 92, 95, 98, 101, 102, 103, 104, 106, 107, 108, 110, 109, 105, 97, 96, 91, 90, 87, 83, 82, 86, 88, 89, 100, 99, 84, 85, 41, 39, 40, 38, 115]","[61, 77, 49, 78, 80, 79, 60, 62, 64, 63, 59, 65, 68, 116, 66, 81, 67, 56, 54, 55, 48, 47, 46, 45, 44, 43, 34, 37, 36, 35, 38, 30, 17, 8, 5, 4, 9, 10, 113, 15, 19, 18, 11, 12, 7, 6, 50, 57, 13, 14, 16, 33, 2, 1, 3, 20, 21, 22, 23, 24, 25, 26, 32, 27, 114, 115, 31, 29, 28, 72, 71, 70, 73, 75, 74, 118, 76, 51, 58, 52, 53, 82, 83, 96, 95, 94, 97, 100, 103, 104, 105, 106, 108, 109, 110, 112, 111, 107, 99, 98, 93, 92, 89, 85, 84, 88, 90, 91, 102, 101, 86, 87, 42, 40, 41, 39, 117]",9245.8642578125,59572.171875,0.5,0.1650800108909607,3.1282050609588623,490,1.0,0.0,1.0,explicit_bus_branch,0.22838233411312103,0.0420510470867157,0.07062842696905136,0.06256657093763351,0.11935624480247498
72,single_active_region_search,state,0,243,2,241,1,156.74371337890625,156.74371337890625,539.59140625,0,1,1,0,[0],375.3363342285156,344.8724670410156,344.8724670410156,0.0,30.4638671875,0,0,0.1552044153213501,0.1552044153213501,0,0,0,0.0,0.0,0.08116418371836262,6,6,1,0,0.6895870327949525,0.2765266077561905,0.5455023860740245,0.45449761392597554,0.3548628058607854,0,2,0,0,117,0,1.0,-1,1,0,490,1.0,0,117,1.0,2697.95703125,0.07259798794984818,539.59130859375,0.19999996380363036,0,0,0.0,0,1.0,0.09053174406290054,0.07819537818431854,0.8637343618387511,0.5514915599137492,0.6384966923391966,1956.464599609375,1563.05615234375,0.7989186988897359,0.7811028857329184,0.9777000976403237,23,0.5961495239267005,0.5514914972469954,0.9250892787118252,0.0,0.6250141861160822,117,"[67, 34, 90, 35, 114, 33, 36, 64, 87, 63, 62, 60, 59, 58, 61, 65, 48, 37, 29, 16, 66, 7, 4, 3, 8, 9, 10, 11, 6, 5, 111, 14, 18, 17, 88, 89, 86, 83, 82, 81, 80, 94, 92, 93, 91, 98, 100, 99, 78, 75, 76, 79, 77, 95, 101, 97, 102, 103, 104, 106, 107, 108, 110, 109, 105, 55, 53, 54, 96, 84, 85, 12, 13, 15, 32, 1, 0, 2, 47, 46, 45, 44, 43, 42, 49, 56, 25, 24, 22, 23, 31, 26, 112, 113, 30, 28, 27, 21, 20, 19, 70, 69, 68, 71, 73, 72, 116, 74, 50, 57, 51, 52, 41, 39, 40, 38, 115]","[68, 35, 92, 36, 116, 34, 37, 65, 89, 64, 63, 61, 60, 59, 62, 66, 49, 38, 30, 17, 67, 8, 5, 4, 9, 10, 11, 12, 7, 6, 113, 15, 19, 18, 90, 91, 88, 85, 84, 83, 82, 96, 94, 95, 93, 100, 102, 101, 80, 77, 78, 81, 79, 97, 103, 99, 104, 105, 106, 108, 109, 110, 112, 111, 107, 56, 54, 55, 98, 86, 87, 13, 14, 16, 33, 2, 1, 3, 48, 47, 46, 45, 44, 43, 50, 57, 26, 25, 23, 24, 32, 27, 114, 115, 31, 29, 28, 22, 21, 20, 72, 71, 70, 73, 75, 74, 118, 76, 51, 58, 52, 53, 42, 40, 41, 39, 117]",9245.8642578125,59572.171875,0.5,0.1650799959897995,3.1282050609588623,490,1.0,0.0,1.0,explicit_bus_branch,0.2881690561771393,0.02799316868185997,0.06628260761499405,0.058828745037317276,0.11935625970363617
73,single_active_region_search,state,1,111,2,109,0,-1.2263579368591309,-1.2263579368591309,397.51267089843753,0,1,1,0,[0],56.93721389770508,36.95028305053711,36.95028305053711,0.0,19.98693084716797,0,0,0.1552044153213501,0.1552044153213501,0,0,0,0.0,0.0,0.35103457789622483,6,6,1,0,0.6461464613676072,0.3782662452336933,1.03318940575318,0.033189405753180135,0.8828013863551553,0,2,0,0,117,0,1.0,0,1,0,490,1.0,0,117,1.0,1987.5633544921875,0.018371406942605972,305.1877136230469,0.15354867201253106,0,0,0.0,0,1.0,0.016630616039037704,0.007320750039070845,0.44019716538981823,-0.013265447469601056,-0.030135238163724945,354.35028076171875,144.67532348632812,0.40828336067726834,0.21246326033506163,0.5203818561852146,18,0.31368361226428554,-0.013265452650480205,-0.042289276443377245,0.3888888955116272,0.30883030217638047,117,"[67, 3, 6, 4, 114, 5, 11, 10, 64, 7, 8, 9, 29, 16, 37, 36, 33, 35, 34, 63, 62, 60, 59, 58, 61, 65, 48, 55, 53, 54, 66, 111, 14, 18, 17, 79, 78, 75, 76, 77, 12, 13, 15, 32, 1, 0, 2, 47, 46, 45, 44, 43, 42, 49, 56, 50, 57, 51, 52, 80, 94, 81, 93, 92, 98, 95, 101, 102, 103, 104, 106, 107, 108, 110, 109, 105, 97, 91, 90, 87, 83, 82, 86, 88, 89, 100, 99, 96, 84, 85, 25, 24, 22, 23, 31, 26, 112, 113, 30, 28, 27, 70, 69, 68, 71, 73, 72, 116, 74, 21, 20, 19, 41, 39, 40, 38, 115]","[68, 4, 7, 5, 116, 6, 12, 11, 65, 8, 9, 10, 30, 17, 38, 37, 34, 36, 35, 64, 63, 61, 60, 59, 62, 66, 49, 56, 54, 55, 67, 113, 15, 19, 18, 81, 80, 77, 78, 79, 13, 14, 16, 33, 2, 1, 3, 48, 47, 46, 45, 44, 43, 50, 57, 51, 58, 52, 53, 82, 96, 83, 95, 94, 100, 97, 103, 104, 105, 106, 108, 109, 110, 112, 111, 107, 99, 93, 92, 89, 85, 84, 88, 90, 91, 102, 101, 98, 86, 87, 26, 25, 23, 24, 32, 27, 114, 115, 31, 29, 28, 72, 71, 70, 73, 75, 74, 118, 76, 22, 21, 20, 42, 40, 41, 39, 117]",9245.865234375,59572.171875,0.5,0.1650800108909607,3.1282050609588623,490,1.0,0.0,1.0,explicit_bus_branch,0.2130444496870041,0.04147935286164284,0.0786668062210083,0.0710529312491417,0.11935624480247498
74,single_active_region_search,state,1,3,2,1,0,-15.516119003295898,-15.516119003295898,400.55283203125003,0,1,1,0,[0],18.181241989135742,-15.516119003295898,-15.516119003295898,0.0,33.69736099243164,0,0,0.1552044153213501,0.1552044153213501,1,0,0,0.0,0.0,1.853413590367897,6,6,1,0,0.447932642698288,0.8067764249444008,0.0,1.0,0.2,0,0,0,0,117,0,1.0,0,1,0,490,1.0,0,117,1.0,2002.76416015625,0.012179241515696049,94.6864242553711,0.04727787032497322,0,0,0.0,0,1.0,0.015224052593111992,0.003044810378924012,0.19999999082383713,0.2,1.0000000294182314,118.3580322265625,23.671606063842773,0.19999999677698488,0.19999998605769562,0.9999999628857915,16,0.20000000305872115,0.20000001255710817,1.000000090592656,0.0,0.0,117,"[80, 5, 62, 6, 63, 11, 58, 60, 59, 61, 10, 4, 3, 64, 67, 114, 81, 94, 65, 48, 66, 7, 8, 9, 29, 16, 37, 36, 33, 35, 34, 93, 92, 98, 78, 75, 76, 79, 77, 95, 111, 14, 18, 17, 55, 53, 54, 101, 102, 103, 104, 106, 107, 108, 110, 109, 105, 97, 91, 90, 87, 100, 99, 83, 82, 86, 88, 89, 96, 84, 85, 12, 13, 15, 32, 1, 0, 2, 47, 46, 45, 44, 43, 42, 49, 56, 116, 73, 74, 72, 68, 69, 71, 25, 24, 22, 23, 31, 26, 112, 113, 30, 28, 27, 70, 21, 20, 19, 50, 57, 51, 52, 41, 39, 40, 38, 115]","[82, 6, 63, 7, 64, 12, 59, 61, 60, 62, 11, 5, 4, 65, 68, 116, 83, 96, 66, 49, 67, 8, 9, 10, 30, 17, 38, 37, 34, 36, 35, 95, 94, 100, 80, 77, 78, 81, 79, 97, 113, 15, 19, 18, 56, 54, 55, 103, 104, 105, 106, 108, 109, 110, 112, 111, 107, 99, 93, 92, 89, 102, 101, 85, 84, 88, 90, 91, 98, 86, 87, 13, 14, 16, 33, 2, 1, 3, 48, 47, 46, 45, 44, 43, 50, 57, 118, 75, 76, 74, 70, 71, 73, 26, 25, 23, 24, 32, 27, 114, 115, 31, 29, 28, 72, 22, 21, 20, 51, 58, 52, 53, 42, 40, 41, 39, 117]",9245.8642578125,59572.171875,0.5,0.1650800108909607,3.1282050609588623,490,1.0,0.0,1.0,explicit_bus_branch,0.2808089852333069,0.05893394723534584,0.049632955342531204,0.04479723423719406,0.11935624480247498
80,single_active_region_search,state,1,11,2,9,0,-1.9421873092651367,-1.9421873092651367,407.16650390625,0,1,1,0,[0],75.73688507080078,34.706390380859375,34.706390380859375,0.0,41.030494689941406,0,0,0.1552044302225113,0.1552044302225113,0,0,0,0.0,0.0,0.5417504912115814,6,6,1,0,0.6284592323005199,0.45471927749686725,1.0559605100948861,0.055960510094886035,0.8170989122827281,0,0,0,0,117,0,1.0,0,1,0,490,1.0,0,117,1.0,2035.83251953125,0.028067748993635178,228.04026794433594,0.11201327503936431,0,0,0.0,0,1.0,0.028879957273602486,0.008722484111785889,0.30202551995319643,0.07333787892375586,0.2428201720450225,267.2687072753906,114.07292175292969,0.42680986830003353,0.22708710337090302,0.5320567130894446,15,0.1870364704266915,0.07333787892375586,0.3921047512804042,0.13333334028720856,0.23714297286732136,117,"[48, 8, 76, 75, 7, 4, 3, 9, 77, 78, 29, 16, 17, 18, 14, 111, 79, 67, 114, 64, 65, 37, 36, 33, 35, 34, 63, 62, 60, 59, 61, 58, 66, 10, 11, 6, 5, 55, 53, 54, 12, 13, 15, 32, 1, 0, 2, 47, 46, 45, 44, 43, 42, 49, 56, 50, 57, 51, 52, 25, 24, 22, 23, 31, 26, 112, 113, 30, 28, 27, 21, 20, 19, 70, 69, 68, 71, 73, 72, 116, 74, 80, 81, 94, 93, 92, 95, 98, 82, 83, 86, 87, 90, 91, 88, 89, 100, 99, 101, 97, 102, 103, 104, 106, 107, 108, 110, 109, 105, 96, 84, 85, 41, 39, 40, 38, 115]","[49, 9, 78, 77, 8, 5, 4, 10, 79, 80, 30, 17, 18, 19, 15, 113, 81, 68, 116, 65, 66, 38, 37, 34, 36, 35, 64, 63, 61, 60, 62, 59, 67, 11, 12, 7, 6, 56, 54, 55, 13, 14, 16, 33, 2, 1, 3, 48, 47, 46, 45, 44, 43, 50, 57, 51, 58, 52, 53, 26, 25, 23, 24, 32, 27, 114, 115, 31, 29, 28, 22, 21, 20, 72, 71, 70, 73, 75, 74, 118, 76, 82, 83, 96, 95, 94, 97, 100, 84, 85, 88, 89, 92, 93, 90, 91, 102, 101, 103, 99, 104, 105, 106, 108, 109, 110, 112, 111, 107, 98, 86, 87, 42, 40, 41, 39, 117]",9245.865234375,59572.171875,0.5,0.1650800108909607,3.1282050609588623,490,1.0,0.0,1.0,explicit_bus_branch,0.25606751441955566,0.07534296810626984,0.0576992966234684,0.05228972062468529,0.11935624480247498
85,single_active_region_search,state,0,243,2,241,1,112.17474365234375,112.17474365234375,440.03779296875,0,1,1,0,[0],349.53955078125,294.2777099609375,294.2777099609375,0.0,55.2618408203125,0,0,0.1552044302225113,0.1552044302225113,0,0,0,0.0,0.0,0.15809896389921452,6,6,1,0,0.6759315572679042,0.3050855960667594,0.6188133186600037,0.38118668133999634,0.3960793334061726,0,4,0,0,117,0,1.0,-1,1,0,490,1.0,0,117,1.0,2200.18896484375,0.05672472342848778,440.0377502441406,0.19999998058139093,0,0,0.0,0,1.0,0.08910027891397476,0.05471276119351387,0.6140582483062526,0.48587910726578326,0.7912588290277736,804.0227661132812,453.4884033203125,0.5640243316896566,0.5092957314544124,0.9029676840080545,19,0.5435931640838624,0.48587910726578326,0.8938285539096203,0.0,0.2856116598638864,117,"[14, 75, 53, 55, 54, 76, 77, 78, 18, 16, 17, 111, 29, 79, 67, 114, 64, 37, 36, 33, 35, 34, 63, 62, 58, 60, 59, 61, 65, 48, 66, 7, 4, 3, 8, 9, 10, 11, 5, 6, 12, 13, 15, 32, 1, 0, 2, 47, 46, 45, 44, 43, 42, 49, 56, 25, 24, 22, 23, 31, 26, 112, 113, 30, 28, 27, 70, 69, 68, 71, 73, 72, 116, 74, 21, 20, 19, 50, 57, 51, 52, 80, 81, 94, 93, 92, 95, 98, 83, 82, 90, 87, 86, 91, 88, 89, 100, 99, 101, 97, 102, 103, 104, 106, 107, 108, 110, 109, 105, 96, 84, 85, 41, 39, 40, 38, 115]","[15, 77, 54, 56, 55, 78, 79, 80, 19, 17, 18, 113, 30, 81, 68, 116, 65, 38, 37, 34, 36, 35, 64, 63, 59, 61, 60, 62, 66, 49, 67, 8, 5, 4, 9, 10, 11, 12, 6, 7, 13, 14, 16, 33, 2, 1, 3, 48, 47, 46, 45, 44, 43, 50, 57, 26, 25, 23, 24, 32, 27, 114, 115, 31, 29, 28, 72, 71, 70, 73, 75, 74, 118, 76, 22, 21, 20, 51, 58, 52, 53, 82, 83, 96, 95, 94, 97, 100, 85, 84, 92, 89, 88, 93, 90, 91, 102, 101, 103, 99, 104, 105, 106, 108, 109, 110, 112, 111, 107, 98, 86, 87, 42, 40, 41, 39, 117]",9245.8642578125,59572.171875,0.5,0.1650799959897995,3.1282050609588623,490,1.0,0.0,1.0,explicit_bus_branch,0.2255590558052063,0.05554090440273285,0.05590304732322693,0.05027734488248825,0.11935624480247498
86,single_active_region_search,state,1,11,2,9,0,-1.5016956329345703,-1.5016956329345703,403.6513671875,0,1,1,0,[0],82.47977447509766,10.632475852966309,10.632475852966309,0.0,71.84729862213135,0,0,0.1552044302225113,0.1552044302225113,0,0,0,0.0,0.0,0.8710899014863762,6,6,1,0,0.5476147554814815,0.5691374550626149,1.1412366840706831,0.14123668407068318,0.6389993836948927,0,0,0,0,117,0,1.0,0,1,0,490,1.0,0,117,1.0,2018.2568359375,0.06001672148704529,231.2126922607422,0.11456058918950304,0,0,0.0,0,1.0,0.022819049656391144,0.051702022552490234,2.2657395172462658,-0.3919640334985037,-0.1729960711740877,167.39942932128906,94.96255493164062,0.5672812345696793,-0.29295771997389103,-0.516424122783562,5,0.5171577414331896,-0.3919640334985037,-0.7579196894572929,0.6000000238418579,2.2059293027343987,117,"[76, 50, 100, 75, 90, 87, 77, 78, 51, 57, 55, 53, 54, 48, 52, 99, 98, 92, 91, 93, 94, 80, 81, 83, 82, 86, 88, 89, 95, 79, 67, 114, 64, 65, 63, 62, 58, 60, 59, 61, 101, 66, 97, 102, 103, 104, 106, 107, 108, 110, 109, 105, 96, 84, 85, 47, 46, 45, 44, 43, 42, 33, 36, 35, 34, 37, 29, 16, 7, 4, 3, 8, 9, 111, 14, 18, 17, 10, 11, 6, 5, 49, 56, 12, 13, 15, 32, 1, 0, 2, 25, 24, 22, 23, 31, 26, 112, 113, 30, 28, 27, 70, 69, 68, 71, 73, 72, 116, 74, 21, 20, 19, 41, 39, 40, 38, 115]","[78, 51, 102, 77, 92, 89, 79, 80, 52, 58, 56, 54, 55, 49, 53, 101, 100, 94, 93, 95, 96, 82, 83, 85, 84, 88, 90, 91, 97, 81, 68, 116, 65, 66, 64, 63, 59, 61, 60, 62, 103, 67, 99, 104, 105, 106, 108, 109, 110, 112, 111, 107, 98, 86, 87, 48, 47, 46, 45, 44, 43, 34, 37, 36, 35, 38, 30, 17, 8, 5, 4, 9, 10, 113, 15, 19, 18, 11, 12, 7, 6, 50, 57, 13, 14, 16, 33, 2, 1, 3, 26, 25, 23, 24, 32, 27, 114, 115, 31, 29, 28, 72, 71, 70, 73, 75, 74, 118, 76, 22, 21, 20, 42, 40, 41, 39, 117]",9245.865234375,59572.171875,0.5,0.1650800108909607,3.1282050609588623,490,1.0,0.0,1.0,explicit_bus_branch,0.21521702408790588,0.030865147709846497,0.02255813032388687,0.020151618868112564,0.11935625225305557
87,single_active_region_search,state,1,11,2,9,0,-0.39402008056640625,-0.39402008056640625,413.95053710937503,0,1,1,0,[0],54.086021423339844,26.236597061157227,26.236597061157227,0.0,27.849424362182617,0,0,0.1552044302225113,0.1552044302225113,0,0,0,0.0,0.0,0.5149098349128098,6,6,1,0,0.6549763105809688,0.4523693038322233,1.0150179567741942,0.015017956774194064,0.9433323048860801,0,0,0,0,117,0,1.0,0,1,0,490,1.0,0,117,1.0,2069.752685546875,0.029602553695440292,203.44871520996094,0.09829614747242385,0,0,0.0,0,1.0,0.04387863725423813,0.02432781271636486,0.554434099113119,0.42612489487408806,0.7685763190175476,454.3970947265625,333.5699768066406,0.7340935509443988,0.6692141185387701,0.9116198009050479,13,0.4339400956753538,0.42612489487408806,0.9819901946856983,0.0,0.3450987563698245,117,"[113, 58, 67, 112, 114, 62, 63, 64, 60, 59, 61, 65, 48, 31, 26, 66, 55, 53, 54, 79, 78, 75, 76, 77, 27, 28, 30, 16, 111, 17, 18, 14, 29, 37, 36, 33, 35, 34, 7, 4, 3, 8, 9, 10, 11, 6, 5, 12, 24, 25, 22, 23, 13, 15, 32, 1, 0, 2, 47, 46, 45, 44, 43, 42, 49, 56, 70, 69, 68, 71, 73, 72, 116, 74, 21, 20, 19, 50, 57, 51, 52, 80, 81, 94, 92, 93, 98, 95, 101, 102, 103, 104, 106, 107, 108, 110, 109, 105, 97, 91, 90, 87, 83, 82, 86, 88, 89, 100, 99, 96, 84, 85, 41, 39, 40, 38, 115]","[115, 59, 68, 114, 116, 63, 64, 65, 61, 60, 62, 66, 49, 32, 27, 67, 56, 54, 55, 81, 80, 77, 78, 79, 28, 29, 31, 17, 113, 18, 19, 15, 30, 38, 37, 34, 36, 35, 8, 5, 4, 9, 10, 11, 12, 7, 6, 13, 25, 26, 23, 24, 14, 16, 33, 2, 1, 3, 48, 47, 46, 45, 44, 43, 50, 57, 72, 71, 70, 73, 75, 74, 118, 76, 22, 21, 20, 51, 58, 52, 53, 82, 83, 96, 94, 95, 100, 97, 103, 104, 105, 106, 108, 109, 110, 112, 111, 107, 99, 93, 92, 89, 85, 84, 88, 90, 91, 102, 101, 98, 86, 87, 42, 40, 41, 39, 117]",9245.865234375,59572.171875,0.5,0.1650800108909607,3.1282050609588623,490,1.0,0.0,1.0,explicit_bus_branch,0.23341841995716095,0.04882907122373581,0.043098606169223785,0.038881104439496994,0.11935624480247498
90,single_active_region_search,state,1,87,2,85,0,-4.544443607330322,-4.544443607330322,415.28452148437503,0,1,1,0,[0],116.45491790771484,73.21875762939453,73.21875762939453,0.0,43.23616027832031,0,0,0.1552044302225113,0.1552044302225113,0,0,0,0.0,0.0,0.3712695097392364,6,6,1,0,0.6448885582387447,0.38659444960389644,1.06206665825078,0.06206665825078002,0.8011108953494718,0,0,0,0,117,0,1.0,0,1,0,490,1.0,0,117,1.0,2076.422607421875,0.048713020980358124,366.26409912109375,0.17639188564598327,0,0,0.0,0,1.0,0.03433913737535477,0.02822542004287243,0.8219606606405273,-0.1683836347091686,-0.20485605943103696,345.08013916015625,143.25653076171875,0.41513988927433315,0.02289774055441447,0.05515668712556295,21,0.25283279427006883,-0.1683836347091686,-0.6659880591529896,0.5714285969734192,0.7821092507335231,117,"[48, 75, 53, 55, 54, 76, 78, 77, 79, 67, 114, 64, 65, 63, 62, 58, 60, 59, 61, 66, 16, 111, 29, 37, 36, 33, 35, 34, 7, 4, 3, 8, 9, 14, 18, 17, 10, 11, 6, 5, 46, 45, 47, 44, 43, 42, 49, 56, 12, 31, 112, 113, 26, 30, 28, 27, 24, 25, 22, 23, 13, 15, 32, 1, 0, 2, 70, 69, 68, 71, 73, 72, 116, 74, 21, 20, 19, 50, 57, 51, 52, 80, 81, 94, 93, 92, 95, 98, 82, 83, 86, 87, 90, 91, 88, 89, 100, 99, 101, 102, 103, 104, 106, 107, 108, 110, 109, 105, 97, 96, 84, 85, 41, 39, 40, 38, 115]","[49, 77, 54, 56, 55, 78, 80, 79, 81, 68, 116, 65, 66, 64, 63, 59, 61, 60, 62, 67, 17, 113, 30, 38, 37, 34, 36, 35, 8, 5, 4, 9, 10, 15, 19, 18, 11, 12, 7, 6, 47, 46, 48, 45, 44, 43, 50, 57, 13, 32, 114, 115, 27, 31, 29, 28, 25, 26, 23, 24, 14, 16, 33, 2, 1, 3, 72, 71, 70, 73, 75, 74, 118, 76, 22, 21, 20, 51, 58, 52, 53, 82, 83, 96, 95, 94, 97, 100, 84, 85, 88, 89, 92, 93, 90, 91, 102, 101, 103, 104, 105, 106, 108, 109, 110, 112, 111, 107, 99, 98, 86, 87, 42, 40, 41, 39, 117]",9245.8642578125,59572.171875,0.5,0.1650800257921219,3.1282050609588623,490,1.0,0.0,1.0,explicit_bus_branch,0.2900071144104004,0.06808783113956451,0.08562463521957397,0.07899222522974014,0.11935623735189438
91,single_active_region_search,state,0,243,2,241,1,63.75618362426758,63.75618362426758,449.15302734375,0,1,1,0,[0],239.3704376220703,200.23680114746094,200.23680114746094,0.0,39.133636474609375,0,0,0.1552044153213501,0.1552044153213501,0,0,0,0.0,0.0,0.1634856704251653,6,6,1,0,0.6799142956733705,0.30881379400325126,0.681596073953881,0.31840392604611895,0.43982806688023407,0,2,0,0,117,0,1.0,-1,1,0,490,1.0,0,117,1.0,2245.76513671875,0.049908872693777084,449.1530456542969,0.2000000081533668,0,0,0.0,0,1.0,0.07811474800109863,0.0476435124874115,0.6099169965541132,0.48189168328658083,0.7900937408837422,896.3631591796875,537.2492065429688,0.5993655596406213,0.5540770582483565,0.9244392225049923,16,0.5494321840939821,0.4818916097364421,0.8770720307014028,0.375,0.2648074984662904,117,"[34, 68, 102, 35, 103, 69, 33, 36, 71, 104, 98, 101, 105, 106, 107, 108, 110, 109, 73, 72, 116, 74, 75, 76, 78, 77, 79, 67, 114, 64, 63, 62, 60, 59, 58, 61, 65, 48, 37, 29, 16, 66, 7, 4, 3, 8, 9, 111, 14, 18, 17, 92, 93, 94, 80, 81, 95, 10, 11, 6, 5, 55, 53, 54, 97, 12, 91, 90, 87, 83, 82, 86, 88, 89, 100, 99, 96, 84, 85, 13, 15, 32, 1, 0, 2, 47, 46, 45, 44, 43, 42, 49, 56, 25, 24, 22, 23, 31, 26, 112, 113, 30, 28, 27, 70, 21, 20, 19, 50, 51, 57, 52, 41, 39, 40, 38, 115]","[35, 70, 104, 36, 105, 71, 34, 37, 73, 106, 100, 103, 107, 108, 109, 110, 112, 111, 75, 74, 118, 76, 77, 78, 80, 79, 81, 68, 116, 65, 64, 63, 61, 60, 59, 62, 66, 49, 38, 30, 17, 67, 8, 5, 4, 9, 10, 113, 15, 19, 18, 94, 95, 96, 82, 83, 97, 11, 12, 7, 6, 56, 54, 55, 99, 13, 93, 92, 89, 85, 84, 88, 90, 91, 102, 101, 98, 86, 87, 14, 16, 33, 2, 1, 3, 48, 47, 46, 45, 44, 43, 50, 57, 26, 25, 23, 24, 32, 27, 114, 115, 31, 29, 28, 72, 22, 21, 20, 51, 52, 58, 53, 42, 40, 41, 39, 117]",9245.8642578125,59572.171875,0.5,0.1650800108909607,3.1282050609588623,490,1.0,0.0,1.0,explicit_bus_branch,0.20564794540405273,0.02292676270008087,0.05026718229055405,0.0458265021443367,0.11935623735189438
92,single_active_region_search,state,1,23,2,21,0,-0.5668678283691406,-0.5668678283691406,416.54135742187503,0,1,1,0,[0],28.515352249145508,14.55117416381836,14.55117416381836,0.0,13.964178085327148,0,0,0.1552044302225113,0.1552044302225113,0,0,0,0.0,0.0,0.4897073675723434,6,6,1,0,0.6684556268155575,0.4461659953334606,1.0389568444434307,0.03895684444343077,0.8651810981724042,0,0,0,0,117,0,1.0,0,1,0,490,1.0,0,117,1.0,2082.706787109375,0.03051118180155754,310.5065002441406,0.14908795715555237,0,0,0.0,0,1.0,0.010560032911598682,0.02932419441640377,2.7769036954605837,0.18154860551800525,0.06537807041647183,629.0841064453125,354.1536560058594,0.5629671015009925,0.5366528536474314,0.95325792850568,1,0.1815485994089824,0.18154860551800525,1.0000000326777538,0.0,2.77096282843901,117,"[67, 1, 2, 0, 11, 114, 10, 4, 3, 6, 5, 7, 8, 9, 64, 29, 16, 37, 36, 33, 35, 34, 63, 62, 60, 59, 58, 61, 65, 48, 66, 111, 14, 18, 17, 55, 53, 54, 79, 78, 75, 76, 77, 13, 15, 12, 32, 47, 46, 45, 44, 43, 42, 49, 56, 25, 24, 22, 23, 31, 26, 112, 113, 30, 28, 27, 70, 69, 68, 71, 73, 72, 116, 74, 21, 20, 19, 50, 57, 51, 52, 80, 81, 94, 93, 92, 95, 98, 101, 102, 103, 104, 106, 107, 108, 110, 109, 105, 97, 91, 90, 87, 83, 82, 86, 88, 89, 100, 99, 96, 84, 85, 41, 39, 40, 38, 115]","[68, 2, 3, 1, 12, 116, 11, 5, 4, 7, 6, 8, 9, 10, 65, 30, 17, 38, 37, 34, 36, 35, 64, 63, 61, 60, 59, 62, 66, 49, 67, 113, 15, 19, 18, 56, 54, 55, 81, 80, 77, 78, 79, 14, 16, 13, 33, 48, 47, 46, 45, 44, 43, 50, 57, 26, 25, 23, 24, 32, 27, 114, 115, 31, 29, 28, 72, 71, 70, 73, 75, 74, 118, 76, 22, 21, 20, 51, 58, 52, 53, 82, 83, 96, 95, 94, 97, 100, 103, 104, 105, 106, 108, 109, 110, 112, 111, 107, 99, 93, 92, 89, 85, 84, 88, 90, 91, 102, 101, 98, 86, 87, 42, 40, 41, 39, 117]",9245.8642578125,59572.171875,0.5,0.1650800257921219,3.1282050609588623,490,1.0,0.0,1.0,explicit_bus_branch,0.2167172133922577,0.015129508450627327,0.009959842078387737,0.008547008968889713,0.11935623735189438
96,single_active_region_search,state,1,23,2,21,0,-15.437209129333496,-15.437209129333496,418.63579101562505,0,1,1,0,[0],64.25871276855469,29.40403175354004,29.40403175354004,0.0,34.85468101501465,0,0,0.1552044302225113,0.1552044302225113,0,0,0,0.0,0.0,0.5424117526373942,6,6,1,0,0.6254838071763515,0.45396442532126047,1.5250031444233823,0.5250031444233821,0.3225793363535383,0,0,0,0,117,0,1.0,0,1,0,490,1.0,0,117,1.0,2093.178955078125,0.04593552276492119,267.4657897949219,0.1277797051924493,0,0,0.0,0,1.0,0.04126878082752228,0.011877666227519512,0.28781238479422827,-0.07805751598076259,-0.27120968164262593,251.2270965576172,74.69651794433594,0.2973266776070264,-0.0225250591801232,-0.07575861272389167,11,0.13118590677526384,-0.07805751918949103,-0.5950144776669992,1.0,0.25617618029385075,117,"[113, 8, 26, 112, 31, 7, 4, 3, 9, 29, 16, 111, 14, 18, 17, 30, 28, 27, 37, 36, 33, 35, 34, 10, 11, 6, 5, 12, 24, 25, 22, 23, 13, 32, 15, 1, 0, 2, 64, 67, 114, 63, 62, 60, 59, 58, 61, 65, 48, 66, 53, 55, 54, 79, 78, 75, 76, 77, 47, 46, 45, 44, 43, 42, 49, 56, 41, 39, 40, 38, 50, 57, 51, 52, 70, 69, 68, 71, 73, 72, 116, 74, 21, 20, 19, 83, 82, 81, 80, 94, 93, 92, 95, 98, 86, 87, 90, 91, 88, 89, 100, 99, 101, 97, 102, 103, 104, 106, 107, 108, 110, 109, 105, 96, 84, 85, 115]","[115, 9, 27, 114, 32, 8, 5, 4, 10, 30, 17, 113, 15, 19, 18, 31, 29, 28, 38, 37, 34, 36, 35, 11, 12, 7, 6, 13, 25, 26, 23, 24, 14, 33, 16, 2, 1, 3, 65, 68, 116, 64, 63, 61, 60, 59, 62, 66, 49, 67, 54, 56, 55, 81, 80, 77, 78, 79, 48, 47, 46, 45, 44, 43, 50, 57, 42, 40, 41, 39, 51, 58, 52, 53, 72, 71, 70, 73, 75, 74, 118, 76, 22, 21, 20, 85, 84, 83, 82, 96, 95, 94, 97, 100, 88, 89, 92, 93, 90, 91, 102, 101, 103, 99, 104, 105, 106, 108, 109, 110, 112, 111, 107, 98, 86, 87, 117]",9245.865234375,59572.171875,0.5,0.1650800108909607,3.1282050609588623,490,1.0,0.0,1.0,explicit_bus_branch,0.30141493678092957,0.056530408561229706,0.04751940816640854,0.04273161292076111,0.11935624480247498
